source,feed,title,link,published_utc,published_dt,date,sent_pos,sent_neg,sent_neu,sent_net
archive,press (archive),Agencies issue reminder to institutions on lending when the National Flood Insurance Program is unavailable,https://www.federalreserve.gov/newsevents/pressreleases/bcreg20251001a.htm,2025-10-01T00:00:00+00:00,2025-10-01 00:00:00+00:00,2025-10-01,0.0012748376466333866,0.00025323123554699123,0.9984719157218933,0.0010216064110863954
archive,press (archive),"Federal Reserve Board modifies Morgan Stanley's stress capital buffer requirement, after the firm requested reconsideration",https://www.federalreserve.gov/newsevents/pressreleases/bcreg20250930a.htm,2025-09-30T00:00:00+00:00,2025-09-30 00:00:00+00:00,2025-09-30,7.667212776141241e-05,0.00024970388039946556,0.9996737241744995,-0.00017303175263805315
archive,press (archive),Federal Reserve Board issues enforcement action with former employee of Dacotah Bank,https://www.federalreserve.gov/newsevents/pressreleases/enforcement20250925a.htm,2025-09-25T00:00:00+00:00,2025-09-25 00:00:00+00:00,2025-09-25,0.0009323998237960041,0.0017922917613759637,0.9972752928733826,-0.0008598919375799596
archive,press (archive),"Federal Reserve Board publishes agenda for its community bank conference, which will take place on Thursday, October 9",https://www.federalreserve.gov/newsevents/pressreleases/other20250919a.htm,2025-09-19T00:00:00+00:00,2025-09-19 00:00:00+00:00,2025-09-19,8.17304098745808e-05,3.986724095739191e-06,0.999914288520813,7.774368577884161e-05
archive,press (archive),Federal Reserve Board issues enforcement actions with former employee of First Horizon Bank and former employee of Manufacturers and Traders Trust Company,https://www.federalreserve.gov/newsevents/pressreleases/enforcement20250918a.htm,2025-09-18T00:00:00+00:00,2025-09-18 00:00:00+00:00,2025-09-18,0.0007323894533328712,0.0010246050078421831,0.998242974281311,-0.0002922155545093119
archive,press (archive),Home,https://www.federalreserve.gov/default.htm,2025-09-17T00:00:00+00:00,2025-09-17 00:00:00+00:00,2025-09-17,0.06192709505558014,0.00018297942006029189,0.9378898739814758,0.06174411563551985
archive,press (archive),Stephen I. Miran sworn in as a member of the Board of Governors of the Federal Reserve System,https://www.federalreserve.gov/newsevents/pressreleases/other20250916a.htm,2025-09-16T00:00:00+00:00,2025-09-16 00:00:00+00:00,2025-09-16,2.4644305085530505e-05,5.893782144994475e-06,0.999969482421875,1.875052294053603e-05
archive,press (archive),Agencies announce third public outreach meeting as part of their review of regulations,https://www.federalreserve.gov/newsevents/pressreleases/bcreg20250909a.htm,2025-09-09T00:00:00+00:00,2025-09-09 00:00:00+00:00,2025-09-09,3.0652707209810615e-05,3.498809746815823e-05,0.9999343156814575,-4.335390258347616e-06
archive,press (archive),Federal Reserve Board announces termination of enforcement action with Sumitomo Mitsui Banking Corporation and Sumitomo Mitsui Banking Corporation New York Branch,https://www.federalreserve.gov/newsevents/pressreleases/enforcement20250909a.htm,2025-09-09T00:00:00+00:00,2025-09-09 00:00:00+00:00,2025-09-09,0.0005689297686330974,0.00033148276270367205,0.999099612236023,0.00023744700592942536
archive,press (archive),Federal Open Market Committee announces its tentative meeting schedule for 2027,https://www.federalreserve.gov/newsevents/pressreleases/monetary20250905a.htm,2025-09-05T00:00:00+00:00,2025-09-05 00:00:00+00:00,2025-09-05,1.254124981642235e-05,6.158936116662517e-07,0.9999868869781494,1.1925356204756099e-05
archive,press (archive),Federal Reserve Board announces termination of enforcement action with Société Générale S.A. and Société Générale New York Branch,https://www.federalreserve.gov/newsevents/pressreleases/enforcement20250904a.htm,2025-09-04T00:00:00+00:00,2025-09-04 00:00:00+00:00,2025-09-04,0.0005352268344722688,0.00034435628913342953,0.9991204142570496,0.0001908705453388393
archive,press (archive),"Federal Reserve Board announces it will host a conference on payments innovation on Tuesday, October 21",https://www.federalreserve.gov/newsevents/pressreleases/other20250903a.htm,2025-09-03T00:00:00+00:00,2025-09-03 00:00:00+00:00,2025-09-03,0.33253157138824463,1.9494349544402212e-05,0.667448878288269,0.3325120770387002
archive,press (archive),"Federal Reserve Board announces final individual capital requirements for large banks, effective on October 1",https://www.federalreserve.gov/newsevents/pressreleases/bcreg20250829a.htm,2025-08-29T00:00:00+00:00,2025-08-29 00:00:00+00:00,2025-08-29,0.002914701821282506,6.054618279449642e-05,0.9970248341560364,0.0028541556384880096
archive,press (archive),"Minutes of the Board's discount rate meetings on July 21 and July 30, 2025",https://www.federalreserve.gov/newsevents/pressreleases/monetary20250826a.htm,2025-08-26T00:00:00+00:00,2025-08-26 00:00:00+00:00,2025-08-26,1.4908335970176267e-06,1.5704754332546145e-06,0.9999969005584717,-7.964183623698773e-08
archive,press (archive),Federal Open Market Committee announces approval of updates to its Statement on Longer-Run Goals and Monetary Policy Strategy,https://www.federalreserve.gov/newsevents/pressreleases/monetary20250822a.htm,2025-08-22T00:00:00+00:00,2025-08-22 00:00:00+00:00,2025-08-22,0.09702027589082718,3.8752350519644096e-05,0.9029409885406494,0.09698152354030753
archive,press (archive),"Minutes of the Federal Open Market Committee, July 29â30, 2025",https://www.federalreserve.gov/newsevents/pressreleases/monetary20250820a.htm,2025-08-20T00:00:00+00:00,2025-08-20 00:00:00+00:00,2025-08-20,5.898597805753525e-07,4.264688300281705e-07,0.999998927116394,1.63390950547182e-07
archive,press (archive),Federal Reserve Board issues enforcement action with former employee of Regions Bank,https://www.federalreserve.gov/newsevents/pressreleases/enforcement20250819a.htm,2025-08-19T00:00:00+00:00,2025-08-19 00:00:00+00:00,2025-08-19,0.000711425906047225,0.00076154904672876,0.998526930809021,-5.0123140681535006e-05
archive,press (archive),Federal Reserve Board announces it will sunset its novel activities supervision program and return to monitoring banks' novel activities through the normal supervisory process,https://www.federalreserve.gov/newsevents/pressreleases/bcreg20250815a.htm,2025-08-15T00:00:00+00:00,2025-08-15 00:00:00+00:00,2025-08-15,0.9988790154457092,1.5867256024648668e-06,0.00111941818613559,0.9988774287201068
archive,press (archive),Federal Reserve Board issues enforcement action with former employee of First Horizon Bank,https://www.federalreserve.gov/newsevents/pressreleases/enforcement20250812a.htm,2025-08-12T00:00:00+00:00,2025-08-12 00:00:00+00:00,2025-08-12,0.0004969640867784619,0.0006557952729053795,0.9988471269607544,-0.0001588311861269176
archive,press (archive),Federal Reserve Board announces that it is seeking individuals to serve on its Insurance Policy Advisory Committee,https://www.federalreserve.gov/newsevents/pressreleases/other20250807a.htm,2025-08-07T00:00:00+00:00,2025-08-07 00:00:00+00:00,2025-08-07,0.00011306195665383711,1.9547783267626073e-06,0.9998849630355835,0.00011110717832707451
archive,press (archive),Federal Reserve Board and FDIC release public sections of resolution plans for banking organizations,https://www.federalreserve.gov/newsevents/pressreleases/bcreg20250805a.htm,2025-08-05T00:00:00+00:00,2025-08-05 00:00:00+00:00,2025-08-05,4.686859938374255e-06,1.7859289073385298e-05,0.9999774694442749,-1.3172429135011043e-05
archive,press (archive),"Adriana D. Kugler submits resignation as a member of the Federal Reserve Board, effective August 8, 2025",https://www.federalreserve.gov/newsevents/pressreleases/other20250801a.htm,2025-08-01T00:00:00+00:00,2025-08-01 00:00:00+00:00,2025-08-01,0.3052503764629364,0.00028878552257083356,0.6944608688354492,0.30496159094036557
archive,press (archive),Federal Reserve Board joins other federal financial institution regulatory agencies in providing banks the flexibility to use an alternative method for collecting certain customer identification information,https://www.federalreserve.gov/newsevents/pressreleases/bcreg20250731a.htm,2025-07-31T00:00:00+00:00,2025-07-31 00:00:00+00:00,2025-07-31,0.18500171601772308,2.8240210667718202e-05,0.8149700164794922,0.18497347580705537
archive,press (archive),Federal bank regulatory agencies seek further comment on interagency effort to reduce regulatory burden,https://www.federalreserve.gov/newsevents/pressreleases/bcreg20250721a.htm,2025-07-21T00:00:00+00:00,2025-07-21 00:00:00+00:00,2025-07-21,0.00020711815159302205,0.00010335913248127326,0.9996895790100098,0.00010375901911174878
archive,press (archive),Agencies issue joint proposal to rescind 2023 Community Reinvestment Act final rule,https://www.federalreserve.gov/newsevents/pressreleases/bcreg20250716a.htm,2025-07-16T00:00:00+00:00,2025-07-16 00:00:00+00:00,2025-07-16,0.00036007960443384945,0.00010291669605067,0.9995369911193848,0.00025716290838317946
archive,press (archive),"Minutes of the Board's discount rate meetings on May 19, June 9, and June 18, 2025",https://www.federalreserve.gov/newsevents/pressreleases/monetary20250715a.htm,2025-07-15T00:00:00+00:00,2025-07-15 00:00:00+00:00,2025-07-15,1.005413764687546e-06,3.83884241728083e-07,0.9999986886978149,6.215295229594631e-07
archive,press (archive),"Federal Reserve Board announces termination of enforcement action with Industry Bancshares, Inc.",https://www.federalreserve.gov/newsevents/pressreleases/enforcement20250715a.htm,2025-07-15T00:00:00+00:00,2025-07-15 00:00:00+00:00,2025-07-15,0.0011043580016121268,0.00020182291336823255,0.9986938834190369,0.0009025350882438943
archive,press (archive),Agencies issue joint statement on risk-management considerations for crypto-asset safekeeping,https://www.federalreserve.gov/newsevents/pressreleases/bcreg20250714a.htm,2025-07-14T00:00:00+00:00,2025-07-14 00:00:00+00:00,2025-07-14,0.0002479761897120625,2.509098885639105e-05,0.9997268319129944,0.00022288520085567143
archive,press (archive),"Federal Reserve Board requests comment on targeted proposal to revise its supervisory rating framework for large bank holding companies to address the ""well managed"" status of these firms",https://www.federalreserve.gov/newsevents/pressreleases/bcreg20250710a.htm,2025-07-10T00:00:00+00:00,2025-07-10 00:00:00+00:00,2025-07-10,0.04967533051967621,4.2171628592768684e-05,0.9502825736999512,0.04963315889108344
archive,press (archive),"Minutes of the Federal Open Market Committee, June 17â18, 2025",https://www.federalreserve.gov/newsevents/pressreleases/monetary20250709a.htm,2025-07-09T00:00:00+00:00,2025-07-09 00:00:00+00:00,2025-07-09,1.0004991963796783e-06,4.838079803448636e-07,0.9999985694885254,5.166912160348147e-07
archive,press (archive),Federal Reserve Board issues enforcement action with former employee of Jonah Bank of Wyoming,https://www.federalreserve.gov/newsevents/pressreleases/enforcement20250703a.htm,2025-07-03T00:00:00+00:00,2025-07-03 00:00:00+00:00,2025-07-03,0.0004386503132991493,0.0005101075512357056,0.9990512728691101,-7.145723793655634e-05
archive,press (archive),"Federal Reserve Board's annual bank stress test showed that large banks are well positioned to weather a severe recession, while staying above minimum capital requirements and continuing to lend to households and businesses",https://www.federalreserve.gov/newsevents/pressreleases/bcreg20250627b.htm,2025-06-27T00:00:00+00:00,2025-06-27 00:00:00+00:00,2025-06-27,0.999977707862854,4.436576091393363e-06,1.7902077161124907e-05,0.9999732712867626
archive,press (archive),Agencies request comment on proposal to modify certain regulatory capital standards,https://www.federalreserve.gov/newsevents/pressreleases/bcreg20250627a.htm,2025-06-27T00:00:00+00:00,2025-06-27 00:00:00+00:00,2025-06-27,0.0009351917542517185,0.000323237560223788,0.9987415671348572,0.0006119541940279305
archive,press (archive),"Federal Reserve Board announces approval of application by Chang Hwa Commercial Bank, Ltd.",https://www.federalreserve.gov/newsevents/pressreleases/orders20250626a.htm,2025-06-26T00:00:00+00:00,2025-06-26 00:00:00+00:00,2025-06-26,0.14154666662216187,2.3767832317389548e-05,0.8584295511245728,0.14152289878984448
archive,press (archive),Federal Reserve Board publishes agenda for its conference on July 22 on large bank capital requirements,https://www.federalreserve.gov/newsevents/pressreleases/other20250626a.htm,2025-06-26T00:00:00+00:00,2025-06-26 00:00:00+00:00,2025-06-26,5.2084968046983704e-05,8.478584163640335e-07,0.9999470710754395,5.123710963061967e-05
archive,press (archive),Agencies release list of distressed or underserved nonmetropolitan middle-income geographies,https://www.federalreserve.gov/newsevents/pressreleases/bcreg20250625a.htm,2025-06-25T00:00:00+00:00,2025-06-25 00:00:00+00:00,2025-06-25,1.2076694474671967e-05,2.2170188458403572e-06,0.9999856948852539,9.85967562883161e-06
archive,testimony (archive),Semiannual Monetary Policy Report to the Congress,https://www.federalreserve.gov/newsevents/testimony/powell20250624a.htm,2025-06-24T00:00:00+00:00,2025-06-24 00:00:00+00:00,2025-06-24,0.05817519128322601,6.994857540121302e-05,0.9417548775672913,0.0581052427078248
archive,press (archive),Federal Reserve Board announces that reputational risk will no longer be a component of examination programs in its supervision of banks,https://www.federalreserve.gov/newsevents/pressreleases/bcreg20250623a.htm,2025-06-23T00:00:00+00:00,2025-06-23 00:00:00+00:00,2025-06-23,0.4290248155593872,0.00020778324687853456,0.570767343044281,0.4288170323125087
archive,press (archive),"Federal Reserve Board issues enforcement actions against former employee of Bank of Hawaii and former employee of Ally Bank and announces termination of enforcement actions with UniCredit, S.p.A. and China Construction Bank Corporation",https://www.federalreserve.gov/newsevents/pressreleases/enforcement20250620a.htm,2025-06-20T00:00:00+00:00,2025-06-20 00:00:00+00:00,2025-06-20,0.0010744720930233598,0.0014270113315433264,0.9974984526634216,-0.0003525392385199666
archive,press (archive),Federal bank regulatory agencies seek comment to address payments and check fraud,https://www.federalreserve.gov/newsevents/pressreleases/bcreg20250616a.htm,2025-06-16T00:00:00+00:00,2025-06-16 00:00:00+00:00,2025-06-16,0.000764198659453541,0.0003369587648194283,0.9988987445831299,0.0004272398946341127
archive,press (archive),"Federal Reserve Board announces that results from its annual bank stress test will be released on Friday, June 27, at 4:30 p.m. EDT",https://www.federalreserve.gov/newsevents/pressreleases/bcreg20250613a.htm,2025-06-13T00:00:00+00:00,2025-06-13 00:00:00+00:00,2025-06-13,1.221328966494184e-05,1.0192612535320222e-05,0.9999775886535645,2.0206771296216175e-06
archive,press (archive),Federal Reserve Board issues enforcement action with former employee of Arvest Bank,https://www.federalreserve.gov/newsevents/pressreleases/enforcement20250612a.htm,2025-06-12T00:00:00+00:00,2025-06-12 00:00:00+00:00,2025-06-12,0.0006814940716139972,0.0003922233881894499,0.9989262223243713,0.0002892706834245473
archive,press (archive),Michelle W. Bowman sworn in as Vice Chair for Supervision of the Board of Governors of the Federal Reserve System,https://www.federalreserve.gov/newsevents/pressreleases/other20250609a.htm,2025-06-09T00:00:00+00:00,2025-06-09 00:00:00+00:00,2025-06-09,9.024212886288296e-06,1.1221216027479386e-06,0.9999898672103882,7.902091283540358e-06
archive,press (archive),Michael E. Horowitz appointed Inspector General for the Federal Reserve Board and Consumer Financial Protection Bureau,https://www.federalreserve.gov/newsevents/pressreleases/other20250606b.htm,2025-06-06T00:00:00+00:00,2025-06-06 00:00:00+00:00,2025-06-06,0.004203614313155413,4.568457370623946e-05,0.9957506656646729,0.004157929739449173
archive,press (archive),Federal Reserve Board begins 2025 Census of Finance Companies and Other Lenders,https://www.federalreserve.gov/newsevents/pressreleases/other20250606a.htm,2025-06-06T00:00:00+00:00,2025-06-06 00:00:00+00:00,2025-06-06,5.109440735395765e-06,6.337264721878455e-07,0.9999942779541016,4.4757142632079194e-06
archive,press (archive),Federal Reserve Board announces approval of application by CACEIS Bank,https://www.federalreserve.gov/newsevents/pressreleases/orders20250605a.htm,2025-06-05T00:00:00+00:00,2025-06-05 00:00:00+00:00,2025-06-05,0.018443116918206215,4.085725959157571e-05,0.9815160036087036,0.01840225965861464
archive,press (archive),"Federal Reserve Board announces termination of enforcement actions with Hana Bancorp, Inc. (formerly known as BNB Financial Services Corporation) and Coöperatieve Centrale Raiffeisen-Boerenleenbank B.A.",https://www.federalreserve.gov/newsevents/pressreleases/enforcement20250605a.htm,2025-06-05T00:00:00+00:00,2025-06-05 00:00:00+00:00,2025-06-05,0.0005411636084318161,9.043578756973147e-05,0.9993684887886047,0.00045072782086208463
archive,press (archive),Federal Reserve announces Wells Fargo is no longer subject to the asset growth restriction from the Boardâs 2018 enforcement action against the bank,https://www.federalreserve.gov/newsevents/pressreleases/enforcement20250603a.htm,2025-06-03T00:00:00+00:00,2025-06-03 00:00:00+00:00,2025-06-03,0.02949400618672371,0.005098762456327677,0.9654072523117065,0.024395243730396032
archive,press (archive),"Minutes of the Board's discount rate meetings on April 7, April 28, and May 7, 2025",https://www.federalreserve.gov/newsevents/pressreleases/monetary20250603a.htm,2025-06-03T00:00:00+00:00,2025-06-03 00:00:00+00:00,2025-06-03,2.769040293060243e-06,5.184639917388267e-07,0.9999967813491821,2.2505763013214164e-06
archive,press (archive),Federal Reserve Board announces approval of application by Crown Agents Bank Limited,https://www.federalreserve.gov/newsevents/pressreleases/orders20250602a.htm,2025-06-02T00:00:00+00:00,2025-06-02 00:00:00+00:00,2025-06-02,0.044405944645404816,0.00018410530174151063,0.9554100036621094,0.044221839343663305
archive,press (archive),Federal Reserve Board releases results of survey of senior financial officers at banks about their strategies and practices for managing reserve balances,https://www.federalreserve.gov/newsevents/pressreleases/other20250530a.htm,2025-05-30T00:00:00+00:00,2025-05-30 00:00:00+00:00,2025-05-30,6.406236934708431e-06,1.2096030559405335e-06,0.9999923706054688,5.196633878767898e-06
archive,press (archive),Statement on Chair Powell's meeting with the President,https://www.federalreserve.gov/newsevents/pressreleases/other20250529a.htm,2025-05-29T00:00:00+00:00,2025-05-29 00:00:00+00:00,2025-05-29,1.0680358172976412e-05,2.7127414796268567e-05,0.9999620914459229,-1.6447056623292156e-05
archive,press (archive),"Minutes of the Federal Open Market Committee, May 6â7, 2025",https://www.federalreserve.gov/newsevents/pressreleases/monetary20250528a.htm,2025-05-28T00:00:00+00:00,2025-05-28 00:00:00+00:00,2025-05-28,9.75733883024077e-07,5.753278173870058e-07,0.9999984502792358,4.0040606563707115e-07
archive,press (archive),Federal Reserve Board issues Economic Well-Being of U.S. Households in 2024 report,https://www.federalreserve.gov/newsevents/pressreleases/other20250528a.htm,2025-05-28T00:00:00+00:00,2025-05-28 00:00:00+00:00,2025-05-28,3.2224386814050376e-05,1.4758451470697764e-05,0.999953031539917,1.7465935343352612e-05
archive,press (archive),Federal Reserve Board announces termination of enforcement action with Perry County Bancorp Inc. and Du Quoin State Bank,https://www.federalreserve.gov/newsevents/pressreleases/enforcement20250513a.htm,2025-05-13T00:00:00+00:00,2025-05-13 00:00:00+00:00,2025-05-13,0.0015093284891918302,0.0009671445586718619,0.9975234866142273,0.0005421839305199683
archive,press (archive),Agencies issue host state loan-to-deposit ratios,https://www.federalreserve.gov/newsevents/pressreleases/bcreg20250512a.htm,2025-05-12T00:00:00+00:00,2025-05-12 00:00:00+00:00,2025-05-12,4.5607888750964776e-05,2.2861506295157596e-05,0.9999314546585083,2.274638245580718e-05
archive,press (archive),Federal Reserve Board announces the withdrawal of guidance for banks related to their crypto-asset and dollar token activities and related changes to its expectations for these activities,https://www.federalreserve.gov/newsevents/pressreleases/bcreg20250424a.htm,2025-04-24T00:00:00+00:00,2025-04-24 00:00:00+00:00,2025-04-24,0.0037802073638886213,0.0004183605778962374,0.9958015084266663,0.003361846785992384
archive,press (archive),Federal Reserve Board announces approval of application by Capital One Financial Corporation to merge with Discover Financial Services and issues a consent order with Discover,https://www.federalreserve.gov/newsevents/pressreleases/orders20250418a.htm,2025-04-18T00:00:00+00:00,2025-04-18 00:00:00+00:00,2025-04-18,0.0006515588029287755,2.441398100927472e-05,0.9993240833282471,0.0006271448219195008
archive,press (archive),Federal Reserve Board requests comment on a proposal to reduce the volatility of the capital requirements stemming from the Board's annual stress test results,https://www.federalreserve.gov/newsevents/pressreleases/bcreg20250417a.htm,2025-04-17T00:00:00+00:00,2025-04-17 00:00:00+00:00,2025-04-17,0.0008418774232268333,0.00014251536049414426,0.9990155696868896,0.0006993620627326891
archive,press (archive),"Federal Reserve Board announces approval of application by United Community Banks, Inc.",https://www.federalreserve.gov/newsevents/pressreleases/orders20250416a.htm,2025-04-16T00:00:00+00:00,2025-04-16 00:00:00+00:00,2025-04-16,0.09691890329122543,1.7915379430633038e-05,0.9030632972717285,0.0969009879117948
archive,press (archive),"Minutes of the Board's discount rate meetings on February 18, March 10, and March 19, 2025",https://www.federalreserve.gov/newsevents/pressreleases/monetary20250415a.htm,2025-04-15T00:00:00+00:00,2025-04-15 00:00:00+00:00,2025-04-15,2.1592029497696785e-06,4.719365449545876e-07,0.9999973773956299,1.687266404815091e-06
archive,press (archive),Agencies take action on appraisal requirements in an area affected by California wildfires and straight-line winds,https://www.federalreserve.gov/newsevents/pressreleases/bcreg20250415a.htm,2025-04-15T00:00:00+00:00,2025-04-15 00:00:00+00:00,2025-04-15,0.013501431792974472,0.010658700950443745,0.9758399128913879,0.0028427308425307274
archive,testimony (archive),Nomination hearing,https://www.federalreserve.gov/newsevents/testimony/bowman20250410a.htm,2025-04-10T00:00:00+00:00,2025-04-10 00:00:00+00:00,2025-04-10,0.9938364624977112,1.4118980288913008e-05,0.006149424705654383,0.9938223435174223
archive,press (archive),"Minutes of the Federal Open Market Committee, March 18â19, 2025",https://www.federalreserve.gov/newsevents/pressreleases/monetary20250409a.htm,2025-04-09T00:00:00+00:00,2025-04-09 00:00:00+00:00,2025-04-09,1.38221344059275e-06,6.991589884819405e-07,0.9999978542327881,6.830544521108095e-07
archive,press (archive),Federal Reserve Board announces termination of enforcement action with former employee of The Marathon Bank,https://www.federalreserve.gov/newsevents/pressreleases/enforcement20250408a.htm,2025-04-08T00:00:00+00:00,2025-04-08 00:00:00+00:00,2025-04-08,0.0015316989738494158,0.000794139108620584,0.9976741671562195,0.0007375598652288318
archive,press (archive),"Federal Reserve Board issues enforcement action with former employee of Banco Popular de Puerto Rico and announces termination of enforcement action with Allegiant United Holdings, LLC, Nano Financial Holdings, Inc., and Nano Banc",https://www.federalreserve.gov/newsevents/pressreleases/enforcement20250401a.htm,2025-04-01T00:00:00+00:00,2025-04-01 00:00:00+00:00,2025-04-01,0.0006554971332661808,0.00032393154106102884,0.9990205764770508,0.0003315655922051519
archive,press (archive),Agencies announce intent to rescind 2023 Community Reinvestment Act final rule,https://www.federalreserve.gov/newsevents/pressreleases/bcreg20250328a.htm,2025-03-28T00:00:00+00:00,2025-03-28 00:00:00+00:00,2025-03-28,0.002074816497042775,0.000251246354309842,0.9976739287376404,0.0018235701427329332
archive,press (archive),Federal Reserve Board announces approval of application by Commonwealth Business Bank,https://www.federalreserve.gov/newsevents/pressreleases/orders20250321a.htm,2025-03-21T00:00:00+00:00,2025-03-21 00:00:00+00:00,2025-03-21,0.11382871121168137,3.5025394026888534e-05,0.8861362338066101,0.11379368581765448
archive,press (archive),Federal Reserve Board releases annual audited financial statements,https://www.federalreserve.gov/newsevents/pressreleases/other20250321a.htm,2025-03-21T00:00:00+00:00,2025-03-21 00:00:00+00:00,2025-03-21,0.003097954671829939,0.00024936412228271365,0.9966526627540588,0.0028485905495472252
archive,press (archive),"Federal Reserve Board issues enforcement actions with Frankewing Bancshares, Inc. and Bank of Hawaii",https://www.federalreserve.gov/newsevents/pressreleases/enforcement20250320a.htm,2025-03-20T00:00:00+00:00,2025-03-20 00:00:00+00:00,2025-03-20,0.0011432272149249911,0.001814642339013517,0.9970421195030212,-0.0006714151240885258
archive,press (archive),Statement by Governor Bowman,https://www.federalreserve.gov/newsevents/pressreleases/other20250317a.htm,2025-03-17T00:00:00+00:00,2025-03-17 00:00:00+00:00,2025-03-17,0.999984860420227,9.235046718458761e-07,1.4168820598570164e-05,0.9999839369155552
archive,press (archive),Federal Reserve Board announces approval of application by Renasant Corporation,https://www.federalreserve.gov/newsevents/pressreleases/orders20250314a.htm,2025-03-14T00:00:00+00:00,2025-03-14 00:00:00+00:00,2025-03-14,0.015065361745655537,8.80278275872115e-06,0.9849258065223694,0.015056558962896816
archive,press (archive),Federal Reserve Board announces approval of proposal by EverBank Financial Corp,https://www.federalreserve.gov/newsevents/pressreleases/orders20250314b.htm,2025-03-14T00:00:00+00:00,2025-03-14 00:00:00+00:00,2025-03-14,0.060899898409843445,1.971942219824996e-05,0.9390804171562195,0.060880178987645195
archive,press (archive),Federal Reserve Board announces termination of enforcement action with Lake Shore MHC and Lake Shore Bancorp Inc.,https://www.federalreserve.gov/newsevents/pressreleases/enforcement20250313a.htm,2025-03-13T00:00:00+00:00,2025-03-13 00:00:00+00:00,2025-03-13,0.0010101072257384658,0.0003578742907848209,0.99863201379776,0.0006522329349536449
archive,press (archive),Agencies issue 2024 Shared National Credit Program report,https://www.federalreserve.gov/newsevents/pressreleases/bcreg20250310a.htm,2025-03-10T00:00:00+00:00,2025-03-10 00:00:00+00:00,2025-03-10,9.596598101779819e-05,0.9998602867126465,4.3789892515633255e-05,-0.9997643207316287
archive,press (archive),Federal Reserve Board begins 2025 Survey of Consumer Finances,https://www.federalreserve.gov/newsevents/pressreleases/other20250228a.htm,2025-02-28T00:00:00+00:00,2025-02-28 00:00:00+00:00,2025-02-28,4.2895888327620924e-05,2.41593215832836e-06,0.9999547004699707,4.0479956169292564e-05
archive,press (archive),"Minutes of the Board's discount rate meetings on January 21 and 29, 2025",https://www.federalreserve.gov/newsevents/pressreleases/monetary20250225a.htm,2025-02-25T00:00:00+00:00,2025-02-25 00:00:00+00:00,2025-02-25,2.7077924187324243e-06,1.1110076911791111e-06,0.9999961853027344,1.5967847275533131e-06
archive,press (archive),"Minutes of the Federal Open Market Committee, January 28-29, 2025",https://www.federalreserve.gov/newsevents/pressreleases/monetary20250219a.htm,2025-02-19T00:00:00+00:00,2025-02-19 00:00:00+00:00,2025-02-19,9.235983498001588e-07,4.570033809159213e-07,0.9999985694885254,4.6659496888423746e-07
archive,press (archive),"Federal Reserve Board announces approval of proposal by ChoiceOne Financial Services, Inc.",https://www.federalreserve.gov/newsevents/pressreleases/orders20250212a.htm,2025-02-12T00:00:00+00:00,2025-02-12 00:00:00+00:00,2025-02-12,0.14550785720348358,1.7542019122629426e-05,0.8544746041297913,0.14549031518436095
archive,press (archive),"Federal Reserve Board announces approval of application by CSBH, LLC",https://www.federalreserve.gov/newsevents/pressreleases/orders20250212b.htm,2025-02-12T00:00:00+00:00,2025-02-12 00:00:00+00:00,2025-02-12,0.0399625301361084,1.180279014079133e-05,0.9600256085395813,0.03995072734596761
archive,press (archive),"Federal Reserve Board announces approval of application by WesBanco, Inc.",https://www.federalreserve.gov/newsevents/pressreleases/orders20250212c.htm,2025-02-12T00:00:00+00:00,2025-02-12 00:00:00+00:00,2025-02-12,0.012023437768220901,8.42725876282202e-06,0.9879680871963501,0.01201501050945808
archive,testimony (archive),Semiannual Monetary Policy Report to the Congress,https://www.federalreserve.gov/newsevents/testimony/powell20250211a.htm,2025-02-11T00:00:00+00:00,2025-02-11 00:00:00+00:00,2025-02-11,0.8586930632591248,1.7000767911667936e-05,0.1412898749113083,0.8586760624912131
archive,press (archive),Federal Reserve Board releases the hypothetical scenarios for its annual stress test,https://www.federalreserve.gov/newsevents/pressreleases/bcreg20250205a.htm,2025-02-05T00:00:00+00:00,2025-02-05 00:00:00+00:00,2025-02-05,0.0020931074395775795,0.0001854930742410943,0.9977213740348816,0.0019076143653364852
archive,press (archive),Federal Reserve Board announces termination of two enforcement actions with Wells Fargo,https://www.federalreserve.gov/newsevents/pressreleases/enforcement20250204a.htm,2025-02-04T00:00:00+00:00,2025-02-04 00:00:00+00:00,2025-02-04,0.02887999638915062,0.006220596842467785,0.9648994207382202,0.022659399546682835
archive,press (archive),Agencies announce second public outreach meeting as part of their review of regulations,https://www.federalreserve.gov/newsevents/pressreleases/bcreg20250131a.htm,2025-01-31T00:00:00+00:00,2025-01-31 00:00:00+00:00,2025-01-31,2.3802498617442325e-05,2.2392217942979187e-05,0.9999537467956543,1.410280674463138e-06
archive,press (archive),Federal Reserve Board announces termination of enforcement action with Marblehead Bancorp and Marblehead Bank,https://www.federalreserve.gov/newsevents/pressreleases/enforcement20250123a.htm,2025-01-23T00:00:00+00:00,2025-01-23 00:00:00+00:00,2025-01-23,0.002863039029762149,0.0006236689514480531,0.996513307094574,0.0022393700783140957
archive,press (archive),Federal Reserve Board announces it has withdrawn from the Network of Central Banks and Supervisors for Greening the Financial System (NGFS),https://www.federalreserve.gov/newsevents/pressreleases/bcreg20250117a.htm,2025-01-17T00:00:00+00:00,2025-01-17 00:00:00+00:00,2025-01-17,0.35749611258506775,0.001499953563325107,0.6410039067268372,0.35599615902174264
archive,press (archive),Federal Reserve Board announces approval of proposal by First Busey Corporation,https://www.federalreserve.gov/newsevents/pressreleases/orders20250116a.htm,2025-01-16T00:00:00+00:00,2025-01-16 00:00:00+00:00,2025-01-16,0.09814847260713577,1.5638814147678204e-05,0.9018359184265137,0.0981328337929881
archive,press (archive),"Minutes of the Board's discount rate meetings on November 18, December 9, and December 18, 2024",https://www.federalreserve.gov/newsevents/pressreleases/monetary20250114a.htm,2025-01-14T00:00:00+00:00,2025-01-14 00:00:00+00:00,2025-01-14,4.018339495814871e-06,9.103901561502425e-07,0.9999949932098389,3.1079493396646285e-06
archive,press (archive),Federal and state financial regulatory agencies issue interagency statement on supervisory practices regarding financial institutions affected by the California wildfires and straight-line winds,https://www.federalreserve.gov/newsevents/pressreleases/other20250114a.htm,2025-01-14T00:00:00+00:00,2025-01-14 00:00:00+00:00,2025-01-14,7.838998135412112e-05,4.7461613576160744e-05,0.9998741149902344,3.0928367777960375e-05
archive,press (archive),Federal Reserve Board announces the designation of the Chairs and Deputy Chairs of the 12 Federal Reserve Banks for 2025,https://www.federalreserve.gov/newsevents/pressreleases/other20250113a.htm,2025-01-13T00:00:00+00:00,2025-01-13 00:00:00+00:00,2025-01-13,7.273870141943917e-05,3.5203386232751654e-06,0.9999237060546875,6.9218362796164e-05
archive,press (archive),Federal Reserve Board announces approval of application by UMB Financial Corporation,https://www.federalreserve.gov/newsevents/pressreleases/orders20250110a.htm,2025-01-10T00:00:00+00:00,2025-01-10 00:00:00+00:00,2025-01-10,0.00457401480525732,7.526129593316e-06,0.9954185485839844,0.004566488675664004
archive,press (archive),"Minutes of the Federal Open Market Committee, December 17-18, 2024",https://www.federalreserve.gov/newsevents/pressreleases/monetary20250108a.htm,2025-01-08T00:00:00+00:00,2025-01-08 00:00:00+00:00,2025-01-08,6.013274855831696e-07,4.018284869289346e-07,0.9999990463256836,1.9949899865423504e-07
archive,press (archive),"Federal Reserve Board announces Michael S. Barr will step down from his position as Federal Reserve Board Vice Chair for Supervision, effective February 28, 2025, and will continue to serve as governor",https://www.federalreserve.gov/newsevents/pressreleases/other20250106a.htm,2025-01-06T00:00:00+00:00,2025-01-06 00:00:00+00:00,2025-01-06,0.00032556738005951047,3.06427464238368e-05,0.9996438026428223,0.00029492463363567367
archive,press (archive),"Due to evolving legal landscape & changes in the framework of administrative law, Federal Reserve Board will soon seek public comment on significant changes to improve transparency of bank stress tests & reduce volatility of resulting capital requirements",https://www.federalreserve.gov/newsevents/pressreleases/bcreg20241223a.htm,2024-12-23T00:00:00+00:00,2024-12-23 00:00:00+00:00,2024-12-23,0.0977805107831955,0.000250621436862275,0.9019688367843628,0.09752988934633322
archive,press (archive),Agencies release annual asset-size thresholds under Community Reinvestment Act regulations,https://www.federalreserve.gov/newsevents/pressreleases/bcreg20241219a.htm,2024-12-19T00:00:00+00:00,2024-12-19 00:00:00+00:00,2024-12-19,5.964150477666408e-05,8.480521501041949e-06,0.9999319314956665,5.116098327562213e-05
archive,press (archive),"Federal Reserve Board announces appointment of seven members, including three new members, to its Insurance Policy Advisory Committee (IPAC)",https://www.federalreserve.gov/newsevents/pressreleases/other20241219a.htm,2024-12-19T00:00:00+00:00,2024-12-19 00:00:00+00:00,2024-12-19,0.0010313563980162144,1.0840433787961956e-05,0.9989577531814575,0.0010205159642282524
archive,press (archive),Federal Reserve Board issues enforcement action againstÂ Lineage Financial Network and announces termination of enforcement actions with National Bank of Pakistan and National Bank of Pakistan New York Branch,https://www.federalreserve.gov/newsevents/pressreleases/enforcement20241219a.htm,2024-12-19T00:00:00+00:00,2024-12-19 00:00:00+00:00,2024-12-19,0.0003868723288178444,0.00039256722084246576,0.9992204904556274,-5.6948920246213675e-06
archive,press (archive),Federal Reserve Board announces approval of application by SouthState Corporation,https://www.federalreserve.gov/newsevents/pressreleases/orders20241213a.htm,2024-12-13T00:00:00+00:00,2024-12-13 00:00:00+00:00,2024-12-13,0.027539264410734177,0.0003922437608707696,0.9720684885978699,0.027147020649863407
archive,press (archive),Federal Reserve Board announces approval of application by The Bank of Nova Scotia,https://www.federalreserve.gov/newsevents/pressreleases/orders20241212a.htm,2024-12-12T00:00:00+00:00,2024-12-12 00:00:00+00:00,2024-12-12,0.06311456114053726,0.00013764138566330075,0.9367477297782898,0.06297691975487396
archive,press (archive),Federal Reserve Board provides technical clarification that its account access guidelines apply to excess balance accounts,https://www.federalreserve.gov/newsevents/pressreleases/bcreg20241209a.htm,2024-12-09T00:00:00+00:00,2024-12-09 00:00:00+00:00,2024-12-09,0.00010686507448554039,3.506494294924778e-06,0.999889612197876,0.00010335858019061561
archive,press (archive),Federal Reserve Board releases results of survey of senior financial officers at banks about their strategies and practices for managing reserve balances,https://www.federalreserve.gov/newsevents/pressreleases/other20241206a.htm,2024-12-06T00:00:00+00:00,2024-12-06 00:00:00+00:00,2024-12-06,6.1421592363331e-06,9.63699676503893e-07,0.999992847442627,5.178459559829207e-06
archive,press (archive),Agencies issue statement on elder financial exploitation,https://www.federalreserve.gov/newsevents/pressreleases/bcreg20241204a.htm,2024-12-04T00:00:00+00:00,2024-12-04 00:00:00+00:00,2024-12-04,0.0005719055770896375,0.000321392435580492,0.9991067051887512,0.0002505131415091455
archive,press (archive),Federal bank regulatory agencies seek further comment on interagency effort to reduce regulatory burden,https://www.federalreserve.gov/newsevents/pressreleases/bcreg20241203a.htm,2024-12-03T00:00:00+00:00,2024-12-03 00:00:00+00:00,2024-12-03,0.00013981024676468223,0.000149500512634404,0.999710738658905,-9.69026586972177e-06
archive,press (archive),"Minutes of the Board's discount rate meetings on October 7, October 28, and November 7, 2024",https://www.federalreserve.gov/newsevents/pressreleases/monetary20241203a.htm,2024-12-03T00:00:00+00:00,2024-12-03 00:00:00+00:00,2024-12-03,3.1667457278672373e-06,1.196180619444931e-06,0.9999955892562866,1.9705651084223064e-06
archive,press (archive),Federal Reserve Board issues enforcement action with First of Murphysboro Corp.,https://www.federalreserve.gov/newsevents/pressreleases/enforcement20241203a.htm,2024-12-03T00:00:00+00:00,2024-12-03 00:00:00+00:00,2024-12-03,0.0009592751739546657,0.0004030165437143296,0.9986377358436584,0.0005562586302403361
archive,press (archive),"Federal Reserve Board announces approval of application by United Bankshares, Inc.",https://www.federalreserve.gov/newsevents/pressreleases/orders20241129a.htm,2024-11-29T00:00:00+00:00,2024-11-29 00:00:00+00:00,2024-11-29,0.035362906754016876,1.051729304890614e-05,0.9646266102790833,0.03535238946096797
archive,press (archive),"Minutes of the Federal Open Market Committee, November 6-7, 2024",https://www.federalreserve.gov/newsevents/pressreleases/monetary20241126a.htm,2024-11-26T00:00:00+00:00,2024-11-26 00:00:00+00:00,2024-11-26,1.1995753084192984e-06,6.909359058226983e-07,0.9999980926513672,5.086394025966001e-07
archive,press (archive),Federal Reserve announces College Fed Challenge winners,https://www.federalreserve.gov/newsevents/pressreleases/other20241122b.htm,2024-11-22T00:00:00+00:00,2024-11-22 00:00:00+00:00,2024-11-22,0.0012696186313405633,1.1733583050954621e-05,0.9987186193466187,0.0012578850482896087
archive,press (archive),"Federal Reserve announces additional information about the periodic review of its monetary policy strategy, tools, and communications",https://www.federalreserve.gov/newsevents/pressreleases/monetary20241122a.htm,2024-11-22T00:00:00+00:00,2024-11-22 00:00:00+00:00,2024-11-22,5.493152275448665e-05,2.084656443912536e-06,0.9999430179595947,5.2846866310574114e-05
archive,press (archive),"Federal Reserve Board announces pricing, effective January 1, 2025, for payment services the Federal Reserve Banks provide to banks and credit unions",https://www.federalreserve.gov/newsevents/pressreleases/other20241122a.htm,2024-11-22T00:00:00+00:00,2024-11-22 00:00:00+00:00,2024-11-22,0.00048153114039450884,2.8947883038199507e-05,0.9994895458221436,0.00045258325735630933
archive,press (archive),Federal Reserve Board issues enforcement action with former chief executive officer of Heartland Tri-State Bank,https://www.federalreserve.gov/newsevents/pressreleases/enforcement20241121a.htm,2024-11-21T00:00:00+00:00,2024-11-21 00:00:00+00:00,2024-11-21,0.002456093207001686,0.20728179812431335,0.7902621030807495,-0.20482570491731167
archive,testimony (archive),Supervision and Regulation,https://www.federalreserve.gov/newsevents/testimony/barr20241120a.htm,2024-11-20T00:00:00+00:00,2024-11-20 00:00:00+00:00,2024-11-20,0.9999357461929321,1.168963990494376e-06,6.305697752395645e-05,0.9999345772289416
archive,press (archive),"Federal Reserve Board issues enforcement actions with Small Business Bank and Industry Bancshares, Inc.",https://www.federalreserve.gov/newsevents/pressreleases/enforcement20241119a.htm,2024-11-19T00:00:00+00:00,2024-11-19 00:00:00+00:00,2024-11-19,0.00030069766216911376,0.0002750277053564787,0.9994243383407593,2.5669956812635064e-05
archive,press (archive),"Federal Reserve Board invites comment on a report, as prescribed by law, that discusses the impact of a proposed international capital standard",https://www.federalreserve.gov/newsevents/pressreleases/bcreg20241113a.htm,2024-11-13T00:00:00+00:00,2024-11-13 00:00:00+00:00,2024-11-13,5.1482405979186296e-05,2.1894278688705526e-05,0.9999265670776367,2.958812729048077e-05
archive,press (archive),"Federal Reserve Board issues enforcement actions with former institution-affiliated parties of Nano Financial Holdings, Inc. and Nano Banc",https://www.federalreserve.gov/newsevents/pressreleases/enforcement20241112a.htm,2024-11-12T00:00:00+00:00,2024-11-12 00:00:00+00:00,2024-11-12,0.003311810316517949,0.8872885704040527,0.10939954966306686,-0.8839767600875348
archive,press (archive),Federal Reserve Board issues enforcement action with U & I Financial Corp. and UniBank,https://www.federalreserve.gov/newsevents/pressreleases/enforcement20241024a.htm,2024-10-24T00:00:00+00:00,2024-10-24 00:00:00+00:00,2024-10-24,0.0018281979719176888,0.00044015664025209844,0.997731626033783,0.0013880413316655904
archive,press (archive),Federal and state financial regulatory agencies issue interagency statement on supervisory practices regarding financial institutions affected by Hurricane Milton,https://www.federalreserve.gov/newsevents/pressreleases/other20241015a.htm,2024-10-15T00:00:00+00:00,2024-10-15 00:00:00+00:00,2024-10-15,0.0001223806175403297,1.8095299310516566e-05,0.9998594522476196,0.00010428531822981313
archive,press (archive),"Minutes of the Board's discount rate meetings on September 9 and 18, 2024",https://www.federalreserve.gov/newsevents/pressreleases/monetary20241015a.htm,2024-10-15T00:00:00+00:00,2024-10-15 00:00:00+00:00,2024-10-15,2.2319582058116794e-06,2.3425477593264077e-06,0.9999953508377075,-1.1058955351472832e-07
archive,press (archive),Federal Reserve Board fines Toronto-Dominion Bank $123.5 million for violations related to anti-money laundering laws,https://www.federalreserve.gov/newsevents/pressreleases/enforcement20241010a.htm,2024-10-10T00:00:00+00:00,2024-10-10 00:00:00+00:00,2024-10-10,8.104686276055872e-05,0.9990406632423401,0.0008781468495726585,-0.9989596163795795
archive,press (archive),"Minutes of the Federal Open Market Committee, September 17-18, 2024",https://www.federalreserve.gov/newsevents/pressreleases/monetary20241009a.htm,2024-10-09T00:00:00+00:00,2024-10-09 00:00:00+00:00,2024-10-09,1.1000148560924572e-06,5.319750471244333e-07,0.9999984502792358,5.680398089680239e-07
archive,press (archive),Agencies announce dollar thresholds for applicability of truth in lending and consumer leasing rules for consumer credit and lease transactions,https://www.federalreserve.gov/newsevents/pressreleases/bcreg20241004b.htm,2024-10-04T00:00:00+00:00,2024-10-04 00:00:00+00:00,2024-10-04,2.0453946490306407e-05,3.113282218691893e-05,0.9999483823776245,-1.0678875696612522e-05
archive,press (archive),Agencies announce dollar thresholds for smaller loan exemption from appraisal requirements for higher-priced mortgage loans,https://www.federalreserve.gov/newsevents/pressreleases/bcreg20241004a.htm,2024-10-04T00:00:00+00:00,2024-10-04 00:00:00+00:00,2024-10-04,0.015574663877487183,9.080731251742691e-05,0.9843345284461975,0.015483856564969756
archive,press (archive),Federal Reserve Board issues enforcement actions with Opportunity Bank of Montana and former employee of Bank of Jackson Hole,https://www.federalreserve.gov/newsevents/pressreleases/enforcement20241003a.htm,2024-10-03T00:00:00+00:00,2024-10-03 00:00:00+00:00,2024-10-03,0.0013968590646982193,0.012818526476621628,0.9857845902442932,-0.011421667411923409
archive,press (archive),Federal and state financial regulatory agencies issue interagency statement on supervisory practices regarding financial institutions affected by Hurricane Helene,https://www.federalreserve.gov/newsevents/pressreleases/other20241002a.htm,2024-10-02T00:00:00+00:00,2024-10-02 00:00:00+00:00,2024-10-02,0.00013807446521241218,2.1365975044318475e-05,0.9998406171798706,0.0001167084901680937
archive,press (archive),Federal Reserve Board announces termination of enforcement action with Citigroup Inc.,https://www.federalreserve.gov/newsevents/pressreleases/enforcement20241001a.htm,2024-10-01T00:00:00+00:00,2024-10-01 00:00:00+00:00,2024-10-01,0.0011238724691793323,0.0003278894000686705,0.9985482096672058,0.0007959830691106617
archive,press (archive),"Federal Reserve Board announces it will host the 2nd Thomas Laubach Research Conference on May 15-16, 2025",https://www.federalreserve.gov/newsevents/pressreleases/other20240920a.htm,2024-09-20T00:00:00+00:00,2024-09-20 00:00:00+00:00,2024-09-20,3.013453351741191e-05,1.4134368484519655e-06,0.999968409538269,2.8721096668959945e-05
archive,press (archive),"Federal Reserve Board announces termination of enforcement action with Community Bankshares, Inc.",https://www.federalreserve.gov/newsevents/pressreleases/enforcement20240919a.htm,2024-09-19T00:00:00+00:00,2024-09-19 00:00:00+00:00,2024-09-19,0.001348312827758491,0.00020666708587668836,0.9984450936317444,0.0011416457418818027
archive,press (archive),Agencies extend comment period on request for information on bank-fintech arrangements,https://www.federalreserve.gov/newsevents/pressreleases/bcreg20240913a.htm,2024-09-13T00:00:00+00:00,2024-09-13 00:00:00+00:00,2024-09-13,0.00032397176255472004,7.766199996694922e-05,0.9995983242988586,0.0002463097625877708
archive,press (archive),"Federal Reserve Board issues enforcement action with Fieldpoint Private Holdings, Inc. and Fieldpoint Private Bank and Trust",https://www.federalreserve.gov/newsevents/pressreleases/enforcement20240911a.htm,2024-09-11T00:00:00+00:00,2024-09-11 00:00:00+00:00,2024-09-11,0.0006526308716274798,0.0002853340411093086,0.9990620017051697,0.0003672968305181712
archive,press (archive),Federal Reserve Board requests comment around operational practices of the discount window,https://www.federalreserve.gov/newsevents/pressreleases/bcreg20240905a.htm,2024-09-05T00:00:00+00:00,2024-09-05 00:00:00+00:00,2024-09-05,0.9998849630355835,1.3602121384792554e-07,0.0001149232848547399,0.9998848270143696
archive,press (archive),Federal Reserve Board issues enforcement actions with First Interstate Bank and United Texas Bank,https://www.federalreserve.gov/newsevents/pressreleases/enforcement20240904a.htm,2024-09-04T00:00:00+00:00,2024-09-04 00:00:00+00:00,2024-09-04,0.0021465292666107416,0.004142542369663715,0.993710994720459,-0.0019960131030529737
archive,press (archive),"Federal Reserve Board announces final individual capital requirements for all large banks, effective on October 1",https://www.federalreserve.gov/newsevents/pressreleases/bcreg20240828a.htm,2024-08-28T00:00:00+00:00,2024-08-28 00:00:00+00:00,2024-08-28,2.3660708393435925e-05,1.7867432688944973e-05,0.9999585151672363,5.793275704490952e-06
archive,press (archive),"Minutes of the Board's discount rate meetings on July 22 and July 31, 2024",https://www.federalreserve.gov/newsevents/pressreleases/monetary20240827a.htm,2024-08-27T00:00:00+00:00,2024-08-27 00:00:00+00:00,2024-08-27,2.023490651481552e-06,1.1094964520452777e-06,0.9999969005584717,9.139941994362744e-07
archive,press (archive),Federal Reserve Board announces approval of application by OakNorth Bank plc,https://www.federalreserve.gov/newsevents/pressreleases/orders20240826a.htm,2024-08-26T00:00:00+00:00,2024-08-26 00:00:00+00:00,2024-08-26,0.01065863762050867,2.1352656403905712e-05,0.9893200397491455,0.010637284964104765
archive,press (archive),"Minutes of the Federal Open Market Committee, July 30â31, 2024",https://www.federalreserve.gov/newsevents/pressreleases/monetary20240821a.htm,2024-08-21T00:00:00+00:00,2024-08-21 00:00:00+00:00,2024-08-21,6.191340844452498e-07,4.3687211359610956e-07,0.999998927116394,1.822619708491402e-07
archive,press (archive),"Federal Reserve Board issues enforcement actions with Heritage Bancshares Group Inc. Employee Stock Ownership Plan and Trust and Heritage Bancshares Group, Inc., and SNB Bancshares, Inc. and Bank of Eufaula",https://www.federalreserve.gov/newsevents/pressreleases/enforcement20240815a.htm,2024-08-15T00:00:00+00:00,2024-08-15 00:00:00+00:00,2024-08-15,0.0006041369633749127,0.00019446575606707484,0.9992013573646545,0.0004096712073078379
archive,press (archive),Federal Open Market Committee announces its tentative meeting schedule for 2025 and 2026,https://www.federalreserve.gov/newsevents/pressreleases/monetary20240809a.htm,2024-08-09T00:00:00+00:00,2024-08-09 00:00:00+00:00,2024-08-09,0.00020407627744134516,8.779496170063794e-07,0.999795138835907,0.00020319832782433878
archive,press (archive),"Federal Reserve Board issues enforcement action with Customers Bancorp, Inc. and Customers Bank",https://www.federalreserve.gov/newsevents/pressreleases/enforcement20240808a.htm,2024-08-08T00:00:00+00:00,2024-08-08 00:00:00+00:00,2024-08-08,0.0004615121288225055,0.0005495219957083464,0.9989890456199646,-8.800986688584089e-05
archive,press (archive),Federal Reserve Board issues final joint guidance to help certain large banks further develop their resolution plans,https://www.federalreserve.gov/newsevents/pressreleases/bcreg20240805a.htm,2024-08-05T00:00:00+00:00,2024-08-05 00:00:00+00:00,2024-08-05,1.774374868546147e-05,1.2118246559111867e-05,0.9999700784683228,5.625502126349602e-06
archive,press (archive),Federal Reserve Board announces that it is seeking individuals to serve on its Insurance Policy Advisory Committee,https://www.federalreserve.gov/newsevents/pressreleases/other20240805a.htm,2024-08-05T00:00:00+00:00,2024-08-05 00:00:00+00:00,2024-08-05,0.00021423080761451274,2.107747150148498e-06,0.9997836947441101,0.00021212306046436424
archive,press (archive),Federal Reserve Board requests comment on a proposed rule that would establish data standards for certain information collections,https://www.federalreserve.gov/newsevents/pressreleases/bcreg20240802a.htm,2024-08-02T00:00:00+00:00,2024-08-02 00:00:00+00:00,2024-08-02,0.0001832488487707451,3.1101793865673244e-05,0.9997856020927429,0.00015214705490507185
archive,press (archive),Federal Reserve Board announces approval of application by Bank7,https://www.federalreserve.gov/newsevents/pressreleases/orders20240801a.htm,2024-08-01T00:00:00+00:00,2024-08-01 00:00:00+00:00,2024-08-01,0.0030504094902426004,1.0483688129170332e-05,0.9969391822814941,0.00303992580211343
archive,press (archive),"Federal Reserve Board announces approval of application by A.N.B. Holding Company, Ltd.",https://www.federalreserve.gov/newsevents/pressreleases/orders20240729a.htm,2024-07-29T00:00:00+00:00,2024-07-29 00:00:00+00:00,2024-07-29,0.10758565366268158,2.5367535272380337e-05,0.8923890590667725,0.1075602861274092
archive,press (archive),"Federal Reserve Board announces termination of enforcement action with Silvergate Bank and its holding company, Silvergate Capital Corporation",https://www.federalreserve.gov/newsevents/pressreleases/enforcement20240726a.htm,2024-07-26T00:00:00+00:00,2024-07-26 00:00:00+00:00,2024-07-26,0.008132715709507465,0.002789884340018034,0.9890773296356201,0.005342831369489431
archive,press (archive),Agencies remind banks of potential risks associated with third-party deposit arrangements and request additional information on bank-fintech arrangements,https://www.federalreserve.gov/newsevents/pressreleases/bcreg20240725c.htm,2024-07-25T00:00:00+00:00,2024-07-25 00:00:00+00:00,2024-07-25,0.012540060095489025,8.619002619525418e-05,0.9873737692832947,0.012453870069293771
archive,press (archive),Agencies announce public outreach meeting as part of their review of regulations,https://www.federalreserve.gov/newsevents/pressreleases/bcreg20240725b.htm,2024-07-25T00:00:00+00:00,2024-07-25 00:00:00+00:00,2024-07-25,2.3416771000484005e-05,2.3652681193198077e-05,0.999953031539917,-2.3591019271407276e-07
archive,press (archive),Federal bank regulatory agencies seek comment  on interagency effort to reduce regulatory burden,https://www.federalreserve.gov/newsevents/pressreleases/bcreg20240725a.htm,2024-07-25T00:00:00+00:00,2024-07-25 00:00:00+00:00,2024-07-25,0.00013910334382671863,0.00014276229194365442,0.9997181296348572,-3.6589481169357896e-06
archive,press (archive),Federal Reserve Board issues enforcement action with North Shore Bank of Commerce,https://www.federalreserve.gov/newsevents/pressreleases/enforcement20240723a.htm,2024-07-23T00:00:00+00:00,2024-07-23 00:00:00+00:00,2024-07-23,0.001524886698462069,0.0014463794650509953,0.9970287680625916,7.850723341107368e-05
archive,press (archive),"Federal Reserve Board announces approval of application by Resona Bank, Limited",https://www.federalreserve.gov/newsevents/pressreleases/orders20240722a.htm,2024-07-22T00:00:00+00:00,2024-07-22 00:00:00+00:00,2024-07-22,0.04338428005576134,5.152629455551505e-05,0.95656418800354,0.04333275376120582
archive,press (archive),Agencies request comment on anti-money laundering/countering the financing of terrorism proposed rule,https://www.federalreserve.gov/newsevents/pressreleases/bcreg20240719a.htm,2024-07-19T00:00:00+00:00,2024-07-19 00:00:00+00:00,2024-07-19,0.000759389775339514,0.0004449004482012242,0.9987956285476685,0.0003144893271382898
archive,press (archive),"Federal Reserve Board issues enforcement action with Jiko Group, Inc.",https://www.federalreserve.gov/newsevents/pressreleases/enforcement20240719a.htm,2024-07-19T00:00:00+00:00,2024-07-19 00:00:00+00:00,2024-07-19,0.0014620391884818673,0.0003858822747133672,0.9981520771980286,0.0010761569137685
archive,press (archive),"Federal Reserve Board takes action to address consumer compliance breakdowns by Green Dot, fining the firm $44 million for numerous unfair and deceptive practices and a deficient consumer compliance risk management program",https://www.federalreserve.gov/newsevents/pressreleases/enforcement20240719b.htm,2024-07-19T00:00:00+00:00,2024-07-19 00:00:00+00:00,2024-07-19,0.15063557028770447,0.3468022644519806,0.5025621652603149,-0.19616669416427612
archive,press (archive),Agencies finalize interagency guidance on reconsiderations of value for residential real estate valuations,https://www.federalreserve.gov/newsevents/pressreleases/bcreg20240718a.htm,2024-07-18T00:00:00+00:00,2024-07-18 00:00:00+00:00,2024-07-18,3.742762055480853e-05,6.723339174641296e-05,0.9998953342437744,-2.9805771191604435e-05
archive,press (archive),Agencies issue final rule to help ensure credibility and integrity of automated valuation models,https://www.federalreserve.gov/newsevents/pressreleases/bcreg20240717a.htm,2024-07-17T00:00:00+00:00,2024-07-17 00:00:00+00:00,2024-07-17,0.0034068329259753227,0.00019362922466825694,0.9963995218276978,0.003213203701307066
archive,press (archive),Agencies release list of distressed or underserved nonmetropolitan middle-income geographies,https://www.federalreserve.gov/newsevents/pressreleases/bcreg20240712a.htm,2024-07-12T00:00:00+00:00,2024-07-12 00:00:00+00:00,2024-07-12,1.6412070181104355e-05,1.96302335098153e-06,0.9999816417694092,1.4449046830122825e-05
archive,press (archive),Federal Reserve Board fines Citigroup $60.6 million for violating the Boardâs 2020 enforcement action,https://www.federalreserve.gov/newsevents/pressreleases/enforcement20240710a.htm,2024-07-10T00:00:00+00:00,2024-07-10 00:00:00+00:00,2024-07-10,9.357055205327924e-06,0.9999599456787109,3.078080408158712e-05,-0.9999505886235056
archive,press (archive),"Minutes of the Board's discount rate meetings on June 3 and June 12, 2024",https://www.federalreserve.gov/newsevents/pressreleases/monetary20240709a.htm,2024-07-09T00:00:00+00:00,2024-07-09 00:00:00+00:00,2024-07-09,2.2457152226706967e-06,1.199988787448092e-06,0.999996542930603,1.0457264352226048e-06
archive,testimony (archive),Semiannual Monetary Policy Report to the Congress,https://www.federalreserve.gov/newsevents/testimony/powell20240709a.htm,2024-07-09T00:00:00+00:00,2024-07-09 00:00:00+00:00,2024-07-09,0.6714510917663574,3.0017867175047286e-05,0.32851898670196533,0.6714210738991824
archive,press (archive),"Minutes of the Federal Open Market Committee, June 11â12, 2024",https://www.federalreserve.gov/newsevents/pressreleases/monetary20240703a.htm,2024-07-03T00:00:00+00:00,2024-07-03 00:00:00+00:00,2024-07-03,1.0076001899506082e-06,5.234919626673218e-07,0.9999985694885254,4.841082272832864e-07
archive,press (archive),Federal Reserve Board fines Silvergate Capital Corporation and Silvergate Bank $43 million for deficiencies in Silvergateâs monitoring of transactions in compliance with anti-money laundering law,https://www.federalreserve.gov/newsevents/pressreleases/enforcement20240701a.htm,2024-07-01T00:00:00+00:00,2024-07-01 00:00:00+00:00,2024-07-01,0.0008072559139691293,0.2600526213645935,0.7391400933265686,-0.2592453654506244
